monthly_date,year,month,quarter,payment_mode,days_observed,calendar_days,volume_lakh,value_crore
2020-06-01,2020,6,Q2,IMPS,30,30,1989.15,206950.81
2020-06-01,2020,6,Q2,NFS_ATM_CASH_WITHDRAWAL,30,30,2903.72,118665.23
2020-06-01,2020,6,Q2,UPI,30,30,13369.33,261835.51
2020-07-01,2020,7,Q3,IMPS,31,31,2220.99,225775.28
2020-07-01,2020,7,Q3,NFS_ATM_CASH_WITHDRAWAL,31,31,2839.06,117726.63
2020-07-01,2020,7,Q3,UPI,31,31,14973.54,290537.86
2020-08-01,2020,8,Q3,IMPS,31,31,2461.24,235137.00
2020-08-01,2020,8,Q3,NFS_ATM_CASH_WITHDRAWAL,31,31,2976.69,121710.91
2020-08-01,2020,8,Q3,UPI,31,31,16188.27,298307.62
2020-09-01,2020,9,Q3,IMPS,30,30,2796.08,248661.75
2020-09-01,2020,9,Q3,NFS_ATM_CASH_WITHDRAWAL,30,30,3065.76,124333.42
2020-09-01,2020,9,Q3,UPI,30,30,18001.67,329031.84
2020-10-01,2020,10,Q4,IMPS,31,31,3189.72,274644.72
2020-10-01,2020,10,Q4,NFS_ATM_CASH_WITHDRAWAL,31,31,3399.34,141160.60
2020-10-01,2020,10,Q4,UPI,31,31,20716.19,386106.74
2020-11-01,2020,11,Q4,IMPS,30,30,3391.16,276459.10
2020-11-01,2020,11,Q4,NFS_ATM_CASH_WITHDRAWAL,30,30,3415.19,143423.48
2020-11-01,2020,11,Q4,UPI,30,30,22102.29,390999.17
2020-12-01,2020,12,Q4,IMPS,31,31,3556.93,292324.71
2020-12-01,2020,12,Q4,NFS_ATM_CASH_WITHDRAWAL,31,31,3446.06,139109.60
2020-12-01,2020,12,Q4,UPI,31,31,22341.58,416176.23
2021-01-01,2021,1,Q1,IMPS,31,31,3465.52,288537.52
2021-01-01,2021,1,Q1,NFS_ATM_CASH_WITHDRAWAL,31,31,3452.67,140815.28
2021-01-01,2021,1,Q1,UPI,31,31,23027.28,431181.90
2021-02-01,2021,2,Q1,IMPS,28,28,3189.73,275230.37
2021-02-01,2021,2,Q1,NFS_ATM_CASH_WITHDRAWAL,28,28,3218.53,132140.45
2021-02-01,2021,2,Q1,UPI,28,28,22928.94,425062.76
2021-03-01,2021,3,Q1,IMPS,31,31,3631.44,327236.07
2021-03-01,2021,3,Q1,NFS_ATM_CASH_WITHDRAWAL,31,31,3543.31,146207.02
2021-03-01,2021,3,Q1,UPI,31,31,27316.85,504886.45
2021-04-01,2021,4,Q2,IMPS,30,30,3229.68,299542.34
2021-04-01,2021,4,Q2,NFS_ATM_CASH_WITHDRAWAL,30,30,3082.40,131346.44
2021-04-01,2021,4,Q2,UPI,30,30,26410.61,493663.68
2021-05-01,2021,5,Q2,IMPS,31,31,2798.61,266289.44
2021-05-01,2021,5,Q2,NFS_ATM_CASH_WITHDRAWAL,31,31,2501.79,107260.38
2021-05-01,2021,5,Q2,UPI,31,31,25291.82,489105.61
2021-06-01,2021,6,Q2,IMPS,30,30,3038.45,284110.79
2021-06-01,2021,6,Q2,NFS_ATM_CASH_WITHDRAWAL,30,30,2799.55,118259.30
2021-06-01,2021,6,Q2,UPI,30,30,28075.16,547373.16
2021-07-01,2021,7,Q3,IMPS,31,31,3524.64,311310.38
2021-07-01,2021,7,Q3,NFS_ATM_CASH_WITHDRAWAL,31,31,3123.74,128626.32
2021-07-01,2021,7,Q3,UPI,31,31,32455.02,605883.20
2021-08-01,2021,8,Q3,IMPS,31,31,3797.12,320203.04
2021-08-01,2021,8,Q3,NFS_ATM_CASH_WITHDRAWAL,31,31,3307.80,132638.50
2021-08-01,2021,8,Q3,UPI,31,31,35555.45,639116.95
2021-09-01,2021,9,Q3,IMPS,30,30,3848.84,324095.97
2021-09-01,2021,9,Q3,NFS_ATM_CASH_WITHDRAWAL,30,30,3196.98,129299.56
2021-09-01,2021,9,Q3,UPI,30,30,36558.17,654648.28
2021-10-01,2021,10,Q4,IMPS,31,31,4306.71,370712.48
2021-10-01,2021,10,Q4,NFS_ATM_CASH_WITHDRAWAL,31,31,3505.75,146159.67
2021-10-01,2021,10,Q4,UPI,31,31,42184.32,771406.99
2021-11-01,2021,11,Q4,IMPS,30,30,4120.29,364672.48
2021-11-01,2021,11,Q4,NFS_ATM_CASH_WITHDRAWAL,30,30,3326.89,139071.27
2021-11-01,2021,11,Q4,UPI,30,30,41864.80,768436.09
2021-12-01,2021,12,Q4,IMPS,31,31,4429.86,396411.43
2021-12-01,2021,12,Q4,NFS_ATM_CASH_WITHDRAWAL,31,31,3409.91,140609.64
2021-12-01,2021,12,Q4,UPI,31,31,45662.99,826848.23
2022-01-01,2022,1,Q1,IMPS,31,31,4401.73,387006.75
2022-01-01,2022,1,Q1,NFS_ATM_CASH_WITHDRAWAL,31,31,3208.02,131478.30
2022-01-01,2022,1,Q1,UPI,31,31,46171.56,831993.09
2022-02-01,2022,2,Q1,IMPS,28,28,4209.31,384404.04
2022-02-01,2022,2,Q1,NFS_ATM_CASH_WITHDRAWAL,28,28,3035.75,127799.85
2022-02-01,2022,2,Q1,UPI,28,28,45274.89,826843.02
2022-03-01,2022,3,Q1,IMPS,31,31,4920.01,462278.81
2022-03-01,2022,3,Q1,NFS_ATM_CASH_WITHDRAWAL,31,31,3418.50,142709.02
2022-03-01,2022,3,Q1,UPI,31,31,54056.51,960581.67
2022-04-01,2022,4,Q2,IMPS,30,30,4716.26,444669.90
2022-04-01,2022,4,Q2,NFS_ATM_CASH_WITHDRAWAL,30,30,3357.83,143025.98
2022-04-01,2022,4,Q2,UPI,30,30,55843.88,983573.45
2022-05-01,2022,5,Q2,IMPS,31,31,4848.13,452328.12
2022-05-01,2022,5,Q2,NFS_ATM_CASH_WITHDRAWAL,31,31,3429.36,142754.48
2022-05-01,2022,5,Q2,UPI,31,31,59462.89,1040220.53
2022-06-01,2022,6,Q2,IMPS,30,30,4557.01,443776.04
2022-06-01,2022,6,Q2,NFS_ATM_CASH_WITHDRAWAL,30,30,3344.83,137612.90
2022-06-01,2022,6,Q2,UPI,30,30,58629.08,1014412.62
2022-07-01,2022,7,Q3,IMPS,31,31,4608.30,444540.95
2022-07-01,2022,7,Q3,NFS_ATM_CASH_WITHDRAWAL,31,31,3356.99,137429.91
2022-07-01,2022,7,Q3,UPI,31,31,62893.40,1063117.04
2022-08-01,2022,8,Q3,IMPS,31,31,4669.09,445988.99
2022-08-01,2022,8,Q3,NFS_ATM_CASH_WITHDRAWAL,31,31,3372.39,135534.01
2022-08-01,2022,8,Q3,UPI,31,31,65819.06,1073162.17
2022-09-01,2022,9,Q3,IMPS,30,30,4622.31,454451.31
2022-09-01,2022,9,Q3,NFS_ATM_CASH_WITHDRAWAL,30,30,3271.44,132927.14
2022-09-01,2022,9,Q3,UPI,30,30,67807.99,1116438.09
2022-10-01,2022,10,Q4,IMPS,31,31,4824.59,466081.77
2022-10-01,2022,10,Q4,NFS_ATM_CASH_WITHDRAWAL,31,31,3608.99,149199.74
2022-10-01,2022,10,Q4,UPI,31,31,73054.21,1211587.50
2022-11-01,2022,11,Q4,IMPS,30,30,4634.80,454678.67
2022-11-01,2022,11,Q4,NFS_ATM_CASH_WITHDRAWAL,30,30,3221.91,132476.39
2022-11-01,2022,11,Q4,UPI,30,30,73094.47,1190593.39
2022-12-01,2022,12,Q4,IMPS,31,31,4858.37,486552.13
2022-12-01,2022,12,Q4,NFS_ATM_CASH_WITHDRAWAL,31,31,3374.73,139643.53
2022-12-01,2022,12,Q4,UPI,31,31,78288.95,1281970.86
2023-01-01,2023,1,Q1,IMPS,31,31,4745.08,477491.47
2023-01-01,2023,1,Q1,NFS_ATM_CASH_WITHDRAWAL,31,31,3308.71,136293.12
2023-01-01,2023,1,Q1,UPI,31,31,80385.88,1299058.78
2023-02-01,2023,2,Q1,IMPS,28,28,4478.14,468647.13
2023-02-01,2023,2,Q1,NFS_ATM_CASH_WITHDRAWAL,28,28,3158.63,131903.44
2023-02-01,2023,2,Q1,UPI,28,28,75347.57,1235846.58
2023-03-01,2023,3,Q1,IMPS,31,31,4970.56,546234.65
2023-03-01,2023,3,Q1,NFS_ATM_CASH_WITHDRAWAL,31,31,3426.00,143483.72
2023-03-01,2023,3,Q1,UPI,31,31,86516.34,1404950.59
2023-04-01,2023,4,Q2,IMPS,30,30,4957.93,521050.26
2023-04-01,2023,4,Q2,NFS_ATM_CASH_WITHDRAWAL,30,30,3359.31,144135.28
2023-04-01,2023,4,Q2,UPI,30,30,88632.60,1415504.71
2023-05-01,2023,5,Q2,IMPS,31,31,5015.49,527557.73
2023-05-01,2023,5,Q2,NFS_ATM_CASH_WITHDRAWAL,31,31,3346.86,142028.37
2023-05-01,2023,5,Q2,UPI,31,31,94151.85,1489145.45
2023-06-01,2023,6,Q2,IMPS,30,30,4681.01,500481.97
2023-06-01,2023,6,Q2,NFS_ATM_CASH_WITHDRAWAL,30,30,3263.80,138594.14
2023-06-01,2023,6,Q2,UPI,30,30,93350.64,1475464.25
2023-07-01,2023,7,Q3,IMPS,31,31,4897.11,512311.87
2023-07-01,2023,7,Q3,NFS_ATM_CASH_WITHDRAWAL,31,31,3255.06,134661.13
2023-07-01,2023,7,Q3,UPI,31,31,99642.56,1533536.46
2023-08-01,2023,8,Q3,IMPS,31,31,4891.65,514279.53
2023-08-01,2023,8,Q3,NFS_ATM_CASH_WITHDRAWAL,31,31,3344.06,136929.16
2023-08-01,2023,8,Q3,UPI,31,31,105860.16,1576536.54
2023-09-01,2023,9,Q3,IMPS,30,30,4728.97,507497.24
2023-09-01,2023,9,Q3,NFS_ATM_CASH_WITHDRAWAL,30,30,3151.79,130559.55
2023-09-01,2023,9,Q3,UPI,30,30,105556.87,1579133.18
2023-10-01,2023,10,Q4,IMPS,31,31,4928.80,538238.51
2023-10-01,2023,10,Q4,NFS_ATM_CASH_WITHDRAWAL,31,31,3353.75,139537.48
2023-10-01,2023,10,Q4,UPI,31,31,114087.90,1715768.34
2023-11-01,2023,11,Q4,IMPS,30,30,4723.84,535001.71
2023-11-01,2023,11,Q4,NFS_ATM_CASH_WITHDRAWAL,30,30,3267.29,139760.22
2023-11-01,2023,11,Q4,UPI,30,30,112352.92,1739740.61
2023-12-01,2023,12,Q4,IMPS,31,31,4987.93,570126.07
2023-12-01,2023,12,Q4,NFS_ATM_CASH_WITHDRAWAL,31,31,3222.84,136372.09
2023-12-01,2023,12,Q4,UPI,31,31,120202.26,1822949.45
2024-01-01,2024,1,Q1,IMPS,31,31,5087.92,566309.72
2024-01-01,2024,1,Q1,NFS_ATM_CASH_WITHDRAWAL,31,31,3137.30,132749.34
2024-01-01,2024,1,Q1,UPI,31,31,122030.18,1841083.97
2024-02-01,2024,2,Q1,IMPS,29,29,5346.35,568091.81
2024-02-01,2024,2,Q1,NFS_ATM_CASH_WITHDRAWAL,29,29,3045.21,130245.91
2024-02-01,2024,2,Q1,UPI,29,29,121026.73,1827869.35
2024-03-01,2024,3,Q1,IMPS,31,31,5806.36,634705.71
2024-03-01,2024,3,Q1,NFS_ATM_CASH_WITHDRAWAL,31,31,3287.65,141480.31
2024-03-01,2024,3,Q1,UPI,31,31,134400.04,1978353.23
2024-04-01,2024,4,Q2,IMPS,30,30,5503.65,592278.85
2024-04-01,2024,4,Q2,NFS_ATM_CASH_WITHDRAWAL,30,30,3127.56,137077.13
2024-04-01,2024,4,Q2,UPI,30,30,133039.94,1964464.52
2024-05-01,2024,5,Q2,IMPS,31,31,5576.99,606166.78
2024-05-01,2024,5,Q2,NFS_ATM_CASH_WITHDRAWAL,31,31,3077.10,133735.83
2024-05-01,2024,5,Q2,UPI,31,31,140358.43,2044937.05
2024-06-01,2024,6,Q2,IMPS,30,30,5167.51,577794.24
2024-06-01,2024,6,Q2,NFS_ATM_CASH_WITHDRAWAL,30,30,3025.54,130862.51
2024-06-01,2024,6,Q2,UPI,30,30,138851.42,2007081.20
2024-07-01,2024,7,Q3,IMPS,31,31,4902.84,593176.58
2024-07-01,2024,7,Q3,NFS_ATM_CASH_WITHDRAWAL,31,31,2987.36,126523.29
2024-07-01,2024,7,Q3,UPI,31,31,144355.54,2064292.41
2024-08-01,2024,8,Q3,IMPS,31,31,4533.37,577887.90
2024-08-01,2024,8,Q3,NFS_ATM_CASH_WITHDRAWAL,31,31,3043.42,128895.09
2024-08-01,2024,8,Q3,UPI,31,31,149630.47,2060735.57
2024-09-01,2024,9,Q3,IMPS,30,30,4299.36,565232.66
2024-09-01,2024,9,Q3,NFS_ATM_CASH_WITHDRAWAL,30,30,2928.90,124171.06
2024-09-01,2024,9,Q3,UPI,30,30,150417.47,2063994.71
2024-10-01,2024,10,Q4,IMPS,31,31,4668.23,629381.52
2024-10-01,2024,10,Q4,NFS_ATM_CASH_WITHDRAWAL,31,31,3291.10,145120.51
2024-10-01,2024,10,Q4,UPI,31,31,165849.66,2349821.46
2024-11-01,2024,11,Q4,IMPS,30,30,4079.18,558327.60
2024-11-01,2024,11,Q4,NFS_ATM_CASH_WITHDRAWAL,30,30,2808.07,121985.38
2024-11-01,2024,11,Q4,UPI,30,30,154820.21,2155187.41
2024-12-01,2024,12,Q4,IMPS,31,31,4411.64,601549.15
2024-12-01,2024,12,Q4,NFS_ATM_CASH_WITHDRAWAL,31,31,2916.74,127303.92
2024-12-01,2024,12,Q4,UPI,31,31,167300.09,2324699.94
2025-01-01,2025,1,Q1,IMPS,31,31,4442.23,606420.17
2025-01-01,2025,1,Q1,NFS_ATM_CASH_WITHDRAWAL,31,31,2869.56,126789.33
2025-01-01,2025,1,Q1,UPI,31,31,169960.01,2348037.11
2025-02-01,2025,2,Q1,IMPS,28,28,4048.29,563081.64
2025-02-01,2025,2,Q1,NFS_ATM_CASH_WITHDRAWAL,28,28,2669.51,119835.21
2025-02-01,2025,2,Q1,UPI,28,28,161061.93,2196481.70
2025-03-01,2025,3,Q1,IMPS,31,31,4616.39,667812.80
2025-03-01,2025,3,Q1,NFS_ATM_CASH_WITHDRAWAL,31,31,2967.96,133926.59
2025-03-01,2025,3,Q1,UPI,31,31,183015.08,2477221.59
2025-04-01,2025,4,Q2,IMPS,30,30,4492.53,621666.37
2025-04-01,2025,4,Q2,NFS_ATM_CASH_WITHDRAWAL,30,30,2732.27,123770.73
2025-04-01,2025,4,Q2,UPI,30,30,178934.24,2394925.87
2025-05-01,2025,5,Q2,IMPS,31,31,4636.60,640867.39
2025-05-01,2025,5,Q2,NFS_ATM_CASH_WITHDRAWAL,31,31,2719.71,123691.48
2025-05-01,2025,5,Q2,UPI,31,31,186774.60,2514297.01
2025-07-01,2025,7,Q3,IMPS,31,31,4821.90,631411.24
2025-07-01,2025,7,Q3,NFS_ATM_CASH_WITHDRAWAL,31,31,2604.44,115274.94
2025-07-01,2025,7,Q3,UPI,31,31,194679.48,2508498.10
2026-07-01,2026,7,Q3,IMPS,31,31,3643.39,711704.37
2026-07-01,2026,7,Q3,NFS_ATM_CASH_WITHDRAWAL,31,31,2483.82,112332.49
2026-07-01,2026,7,Q3,UPI,31,31,236583.53,2987880.48
