year,quarter,quarter_start_date,source_category,state_sum_transaction_count,state_sum_transaction_value_inr,country_transaction_count,country_transaction_value_inr,count_difference,value_difference_inr
2018,1,2018-01-01,P2P,47101116,147245883542.818418472,47101116,147245883542.81802,0,0.000398472
2018,1,2018-01-01,Retail,89921478,20568759999.92039640275,89921478,20568759999.93426,0,-0.01386359725
2018,1,2018-01-01,Utility,2955878,4708627267.64001463314,2955878,4708627267.640471,0,-0.00045636686
2018,2,2018-04-01,P2P,74704527,264767671095.227590953,74704527,264767671094.9749,0,0.252690953
2018,2,2018-04-01,Retail,111138041,30220874155.1294265752,111138041,30220874155.105717,0,0.0237095752
2018,2,2018-04-01,Utility,7805908,10291253167.80001014982,7805908,10291253167.801592,0,-0.00158185018
2018,3,2018-07-01,P2P,202136497,425967421714.245528527,202136497,425967421713.8337,0,0.411828527
2018,3,2018-07-01,Retail,133122344,35132218793.6214223353,133122344,35132218793.594055,0,0.0273673353
2018,3,2018-07-01,Utility,11767069,14933708388.5897792354,11767069,14933708388.59365,0,-0.0038707646
2018,4,2018-10-01,P2P,200253637,594995709377.66490683,200253637,594995709377.1013,0,0.56360683
2018,4,2018-10-01,Retail,212247229,57960942788.3090163012,212247229,57960942788.3355,0,-0.0264836988
2018,4,2018-10-01,Utility,15890009,20326596135.3796367808,15890009,20326596135.375454,0,0.0041827808
2019,1,2019-01-01,P2P,404853333,887893108631.53773793,404853333,887893108631.0564,0,0.48133793
2019,1,2019-01-01,Retail,290431981,75367801413.0997422033,290431981,75367801413.36275,0,-0.2630077967
2019,1,2019-01-01,Utility,25001026,29032725772.54024344875,25001026,29032725772.531696,0,0.00854744875
2019,2,2019-04-01,P2P,384919116,1196425281587.03158849,384919116,1196425281585.3062,0,1.72538849
2019,2,2019-04-01,Retail,414986396,119879927485.4386869305,414986396,119879927485.47314,0,-0.0344530695
2019,2,2019-04-01,Utility,27745731,40688149667.56000484285,27745731,40688149667.54643,0,0.01357484285
2019,3,2019-07-01,P2P,462141725,1440512511471.019894635,462141725,1440512511472.762,0,-1.742105365
2019,3,2019-07-01,Retail,591714936,161068395462.5622919653,591714936,161068395462.40607,0,0.1562219653
2019,3,2019-07-01,Utility,52085151,74111923414.63880675886,52085151,74111923414.74724,0,-0.10843324114
2019,4,2019-10-01,P2P,703745511,1963952535223.757209894,703745511,1963952535226.5454,0,-2.788190106
2019,4,2019-10-01,Retail,660286758,194478712200.2842130644,660286758,194478712200.18768,0,0.0965330644
2019,4,2019-10-01,Utility,106511932,104658746482.6766491336,106511932,104658746482.73447,0,-0.0578208664
2020,1,2020-01-01,P2P,694257483,2320557354590.12250031,694257483,2320557354594.0283,0,-3.90579969
2020,1,2020-01-01,Retail,778526397,257423762311.4597160902,778526397,257423762311.36432,0,0.0953960902
2020,1,2020-01-01,Utility,159916511,122026884303.4877043231,159916511,122026884303.45999,0,0.0277143231
2020,2,2020-04-01,P2P,631268435,2243916310867.010467523,631268435,2243916310864.9,0,2.110467523
2020,2,2020-04-01,Retail,610011327,280729736149.067457849,610011327,280729736148.84955,0,0.217907849
2020,2,2020-04-01,Utility,218793828,123986465830.4733319054,218793828,123986465830.5697,0,-0.0963680946
2020,3,2020-07-01,P2P,917047650,3287053651198.19342242,917047650,3287053651200.2812,0,-2.08777758
2020,3,2020-07-01,Retail,911011891,447822255630.9962080436,911011891,447822255630.6803,0,0.3159080436
2020,3,2020-07-01,Utility,219960397,170866832792.9566778003,219960397,170866832792.9354,0,0.0212778003
2020,4,2020-10-01,P2P,1249592359,4474550699831.890767245,1249592359,4474550699837.9,0,-6.009232755
2020,4,2020-10-01,Retail,1343719654,700734479235.684348313,1343719654,700734479235.8248,0,-0.140451687
2020,4,2020-10-01,Utility,288560685,224533438864.7307309063,288560685,224533438864.62445,0,0.1062809063
2021,1,2021-01-01,P2P,1447737856,5170856819487.432235404,1447737856,5170856819481.144,0,6.288235404
2021,1,2021-01-01,Retail,1485134324,820548066550.4964605967,1485134324,820548066550.2906,0,0.2058605967
2021,1,2021-01-01,Utility,532828981,296840849653.1653406895,532828981,296840849652.8541,0,0.3112406895
2021,2,2021-04-01,P2P,1744381804,6163165772736.44874178,1744381804,6163165772740.209,0,-3.76025822
2021,2,2021-04-01,Retail,1473347416,954714808552.391039371,1473347416,954714808552.6382,0,-0.247160629
2021,2,2021-04-01,Utility,732835741,362894718139.595329519,732835741,362894718139.4824,0,0.112929519
2021,3,2021-07-01,P2P,2215589893,7429347604773.568933495,2215589893,7429347604768.668,0,4.900933495
2021,3,2021-07-01,Retail,2278944000,1360427603452.284070433,2278944000,1360427603452.4253,0,-0.141229567
2021,3,2021-07-01,Utility,778122768,432126040995.425686831,778122768,432126040995.3407,0,0.084986831
2021,4,2021-10-01,P2P,2357658301,7988340721266.17248354,2357658301,7988340721262.672,0,3.50048354
2021,4,2021-10-01,Retail,2708036931,1670584805341.698648547,2708036931,1670584805340.616,0,1.082648547
2021,4,2021-10-01,Utility,698907805,439185882358.6750693976,698907805,439185882358.44446,0,0.2306093976
2022,1,2022-01-01,P2P,3004148819,10273681605898.96396046,3004148819,10273681605895.574,0,3.38996046
2022,1,2022-01-01,Retail,3643052357,2114880480789.194901228,3643052357,2114880480789.1416,0,0.053301228
2022,1,2022-01-01,Utility,776357606,514075186444.380121025,776357606,514075186444.3045,0,0.075621025
2022,2,2022-04-01,P2P,3425101859,11845669805595.12173703,3425101859,11845669805590.191,0,4.93073703
2022,2,2022-04-01,Retail,4617039926,2647118147438.897424405,4617039926,2647118147441.08,0,-2.182575595
2022,2,2022-04-01,Utility,911561731,602801004075.411807448,911561731,602801004075.7869,0,-0.375092552
2022,3,2022-07-01,P2P,3947241409,12809400422539.5460199,3947241409,12809400422543.578,0,-4.0319801
2022,3,2022-07-01,Retail,5549687895,3056326614656.619563663,5549687895,3056326614657.4795,0,-0.859936337
2022,3,2022-07-01,Utility,1040275543,718003996473.297717399,1040275543,718003996472.7179,0,0.579817399
2022,4,2022-10-01,P2P,4324963928,14143480411741.00226664,4324963928,14143480411753.057,0,-12.05473336
2022,4,2022-10-01,Retail,6322053632,3470158956747.891706398,6322053632,3470158956748.4375,0,-0.545793602
2022,4,2022-10-01,Utility,1079242404,770714348649.050509567,1079242404,770714348649.1868,0,-0.136290433
2023,1,2023-01-01,P2P,4792470518,15924876498841.79331042,4792470518,15924876498831.21,0,10.58331042
2023,1,2023-01-01,Retail,7131649041,3770386639495.30322026,7131649041,3770386639494.8447,0,0.45852026
2023,1,2023-01-01,Utility,1172364563,829590564254.887677888,1172364563,829590564254.5071,0,0.380577888
2023,2,2023-04-01,P2P,5374551578,17722778869093.31318465,5374551578,17722778869084.047,0,9.26618465
2023,2,2023-04-01,Retail,8425354748,4219499939207.171368966,8425354748,4219499939211.5576,0,-4.386231034
2023,2,2023-04-01,Utility,1316281943,985891275164.850240207,1316281943,985891275164.4216,0,0.428640207
2023,3,2023-07-01,P2P,5929670663,18342686824686.63250942,5929670663,18342686824683.375,0,3.25750942
2023,3,2023-07-01,Retail,9741914217,4605174500633.270342128,9741914217,4605174500635.483,0,-2.212657872
2023,3,2023-07-01,Utility,1376579779,1073595715820.086784065,1376579779,1073595715818.6113,0,1.475484065
2023,4,2023-10-01,P2P,6647630864,20545071651641.9240203,6647630864,20545071651642.883,0,-0.9589797
2023,4,2023-10-01,Retail,10978328265,5359809825867.18106400,10978328265,5359809825867.9,0,-0.71893600
2023,4,2023-10-01,Utility,1409175913,1223199173650.202632877,1409175913,1223199173650.7825,0,-0.579867123
2024,1,2024-01-01,P2P,7336132265,22329194286446.86392143,7336132265,22329194286455.582,0,-8.71807857
2024,1,2024-01-01,Retail,12362025799,5895178298683.114927565,12362025799,5895178298681.608,0,1.506927565
2024,1,2024-01-01,Utility,1551676514,1292118825489.097115096,1551676514,1292118825487.7725,0,1.324615096
2024,2,2024-04-01,P2P,7929913581,23817818325383.41413637,7929913581,23817818325398.516,0,-15.10186363
2024,2,2024-04-01,Retail,14417003150,6559229555753.78021105,14417003150,6559229555752.334,0,1.44621105
2024,2,2024-04-01,Utility,1685219208,1452646564300.463615525,1685219208,1452646564299.1975,0,1.266115525
2024,3,2024-07-01,P2P,8566987345,23963938756080.89489983,8566987345,23963938756090.566,0,-9.67110017
2024,3,2024-07-01,Retail,15529951447,6750110686283.044076304,15529951447,6750110686285.371,0,-2.326923696
2024,3,2024-07-01,Utility,1730624851,1642651067122.33706483,1730624851,1642651067121.496,0,0.84106483
2024,4,2024-10-01,P2P,9368201927,26633866935113.62089117,9368201927,26633866935111.484,0,2.13689117
2024,4,2024-10-01,Retail,17088280371,7602790305584.10929066,17088280371,7602790305577.834,0,6.27529066
2024,4,2024-10-01,Utility,1767462539,1772670829005.379101078,1767462539,1772670829005.7222,0,-0.343098922
2025,1,2025-01-01,P2P,9746733751,27829606589866.0919719,9746733751,27829606589848.008,0,18.0839719
2025,1,2025-01-01,Retail,17844086266,7619245009686.53076958,17844086266,7619245009688.357,0,-1.82623042
2025,1,2025-01-01,Utility,1917477198,1883178460673.707951263,1917477198,1883178460673.604,0,0.103951263
2025,2,2025-04-01,P2P,9900005748,28268720863298.59554914,9900005748,28268720863299.043,0,-0.44745086
2025,2,2025-04-01,Retail,19304029989,8176814143802.72651068,19304029989,8176814143804.889,0,-2.16248932
2025,2,2025-04-01,Utility,1930174862,1973927573013.875322977,1930174862,1973927573014.5562,0,-0.680877023
2025,3,2025-07-01,P2P,10422073985,27595198105541.02762438,10422073985,27595198105516.906,0,24.12162438
2025,3,2025-07-01,Retail,20635151288,8402692427473.11546329,20635151288,8402692427468.916,0,4.19946329
2025,3,2025-07-01,Utility,1950772627,2149448721563.831407343,1950772627,2149448721564.6545,0,-0.823092657
2025,4,2025-10-01,P2P,11083827632,29860876292755.6776943,11083827632,29860876292763.58,0,-7.9023057
2025,4,2025-10-01,Retail,21832362356,9277808164804.5368569,21832362356,9277808164803.066,0,1.4708569
2025,4,2025-10-01,Utility,1977344265,2339219285223.52244134,1977344265,2339219285222.5327,0,0.98974134
2026,1,2026-01-01,P2P,11518262185,31307245432323.8295545,11518262185,31307245432326.008,0,-2.1784455
2026,1,2026-01-01,Retail,22674188870,9657607938637.23374572,22674188870,9657607938640.018,0,-2.78425428
2026,1,2026-01-01,Utility,2059248030,2481213375759.26460171,2059248030,2481213375757.9775,0,1.28710171
2026,2,2026-04-01,P2P,11889781621,32389025199244.54857194,11889781621,32389025199241.22,0,3.32857194
2026,2,2026-04-01,Retail,24691181013,10483776876683.34278985,24691181013,10483776876684.934,0,-1.59121015
2026,2,2026-04-01,Utility,2083323057,2623651480948.607783734,2083323057,2623651480946.3564,0,2.251383734
