as_of_date,state_slug,state_name,beneficiaries_rural_semiurban_count,beneficiaries_urban_metro_count,total_beneficiaries_count,balance_in_beneficiary_accounts_crore,rupay_debit_cards_issued_count,source_table,source_url,interpretation_note
2026-08-19,andaman-&-nicobar-islands,Andaman & Nicobar Islands,47493,18320,65813,57.48,40013,PMJDY Statewise account opening Report,https://pmjdy.gov.in/account-statistics-state.aspx/scheme,"PMJDY beneficiary counts are a state-level financial-inclusion context measure. They are not verified unique people, active bank-account users, active debit-card users, or active UPI users; the data are not a direct measure of bank branches or ATM access."
2026-08-19,andhra-pradesh,Andhra Pradesh,12604118,4707132,17311250,6948.44,11334187,PMJDY Statewise account opening Report,https://pmjdy.gov.in/account-statistics-state.aspx/scheme,"PMJDY beneficiary counts are a state-level financial-inclusion context measure. They are not verified unique people, active bank-account users, active debit-card users, or active UPI users; the data are not a direct measure of bank branches or ATM access."
2026-08-19,arunachal-pradesh,Arunachal Pradesh,460684,11654,472338,278.84,319851,PMJDY Statewise account opening Report,https://pmjdy.gov.in/account-statistics-state.aspx/scheme,"PMJDY beneficiary counts are a state-level financial-inclusion context measure. They are not verified unique people, active bank-account users, active debit-card users, or active UPI users; the data are not a direct measure of bank branches or ATM access."
2026-08-19,assam,Assam,23412382,2668814,26081196,7504.08,16566489,PMJDY Statewise account opening Report,https://pmjdy.gov.in/account-statistics-state.aspx/scheme,"PMJDY beneficiary counts are a state-level financial-inclusion context measure. They are not verified unique people, active bank-account users, active debit-card users, or active UPI users; the data are not a direct measure of bank branches or ATM access."
2026-08-19,bihar,Bihar,61241472,9005388,70246860,31373.75,50516798,PMJDY Statewise account opening Report,https://pmjdy.gov.in/account-statistics-state.aspx/scheme,"PMJDY beneficiary counts are a state-level financial-inclusion context measure. They are not verified unique people, active bank-account users, active debit-card users, or active UPI users; the data are not a direct measure of bank branches or ATM access."
2026-08-19,chandigarh,Chandigarh,51112,295168,346280,222.24,226266,PMJDY Statewise account opening Report,https://pmjdy.gov.in/account-statistics-state.aspx/scheme,"PMJDY beneficiary counts are a state-level financial-inclusion context measure. They are not verified unique people, active bank-account users, active debit-card users, or active UPI users; the data are not a direct measure of bank branches or ATM access."
2026-08-19,chhattisgarh,Chhattisgarh,15543325,3314965,18858290,9321.06,11626172,PMJDY Statewise account opening Report,https://pmjdy.gov.in/account-statistics-state.aspx/scheme,"PMJDY beneficiary counts are a state-level financial-inclusion context measure. They are not verified unique people, active bank-account users, active debit-card users, or active UPI users; the data are not a direct measure of bank branches or ATM access."
2026-08-19,dadra-&-nagar-haveli-&-daman-&-diu,Dadra & Nagar Haveli and Daman & Diu,235358,12982,248340,197.03,180460,PMJDY Statewise account opening Report,https://pmjdy.gov.in/account-statistics-state.aspx/scheme,"PMJDY beneficiary counts are a state-level financial-inclusion context measure. They are not verified unique people, active bank-account users, active debit-card users, or active UPI users; the data are not a direct measure of bank branches or ATM access."
2026-08-19,delhi,Delhi,656622,6494907,7151529,4028.16,5611940,PMJDY Statewise account opening Report,https://pmjdy.gov.in/account-statistics-state.aspx/scheme,"PMJDY beneficiary counts are a state-level financial-inclusion context measure. They are not verified unique people, active bank-account users, active debit-card users, or active UPI users; the data are not a direct measure of bank branches or ATM access."
2026-08-19,goa,Goa,202646,35306,237952,245.00,171350,PMJDY Statewise account opening Report,https://pmjdy.gov.in/account-statistics-state.aspx/scheme,"PMJDY beneficiary counts are a state-level financial-inclusion context measure. They are not verified unique people, active bank-account users, active debit-card users, or active UPI users; the data are not a direct measure of bank branches or ATM access."
2026-08-19,gujarat,Gujarat,13684078,6443000,20127078,12788.31,15422628,PMJDY Statewise account opening Report,https://pmjdy.gov.in/account-statistics-state.aspx/scheme,"PMJDY beneficiary counts are a state-level financial-inclusion context measure. They are not verified unique people, active bank-account users, active debit-card users, or active UPI users; the data are not a direct measure of bank branches or ATM access."
2026-08-19,haryana,Haryana,6500991,4774082,11275073,8236.66,7848054,PMJDY Statewise account opening Report,https://pmjdy.gov.in/account-statistics-state.aspx/scheme,"PMJDY beneficiary counts are a state-level financial-inclusion context measure. They are not verified unique people, active bank-account users, active debit-card users, or active UPI users; the data are not a direct measure of bank branches or ATM access."
2026-08-19,himachal-pradesh,Himachal Pradesh,1881155,135522,2016677,1565.27,1321934,PMJDY Statewise account opening Report,https://pmjdy.gov.in/account-statistics-state.aspx/scheme,"PMJDY beneficiary counts are a state-level financial-inclusion context measure. They are not verified unique people, active bank-account users, active debit-card users, or active UPI users; the data are not a direct measure of bank branches or ATM access."
2026-08-19,jammu-&-kashmir,Jammu & Kashmir,2067527,421026,2488553,1855.16,1666240,PMJDY Statewise account opening Report,https://pmjdy.gov.in/account-statistics-state.aspx/scheme,"PMJDY beneficiary counts are a state-level financial-inclusion context measure. They are not verified unique people, active bank-account users, active debit-card users, or active UPI users; the data are not a direct measure of bank branches or ATM access."
2026-08-19,jharkhand,Jharkhand,18667841,2059607,20727448,12544.84,14170231,PMJDY Statewise account opening Report,https://pmjdy.gov.in/account-statistics-state.aspx/scheme,"PMJDY beneficiary counts are a state-level financial-inclusion context measure. They are not verified unique people, active bank-account users, active debit-card users, or active UPI users; the data are not a direct measure of bank branches or ATM access."
2026-08-19,karnataka,Karnataka,15319127,6718078,22037205,14246.03,13799300,PMJDY Statewise account opening Report,https://pmjdy.gov.in/account-statistics-state.aspx/scheme,"PMJDY beneficiary counts are a state-level financial-inclusion context measure. They are not verified unique people, active bank-account users, active debit-card users, or active UPI users; the data are not a direct measure of bank branches or ATM access."
2026-08-19,kerala,Kerala,5778858,1881571,7660429,4294.66,4189868,PMJDY Statewise account opening Report,https://pmjdy.gov.in/account-statistics-state.aspx/scheme,"PMJDY beneficiary counts are a state-level financial-inclusion context measure. They are not verified unique people, active bank-account users, active debit-card users, or active UPI users; the data are not a direct measure of bank branches or ATM access."
2026-08-19,ladakh,Ladakh,18391,3997,22388,26.70,15313,PMJDY Statewise account opening Report,https://pmjdy.gov.in/account-statistics-state.aspx/scheme,"PMJDY beneficiary counts are a state-level financial-inclusion context measure. They are not verified unique people, active bank-account users, active debit-card users, or active UPI users; the data are not a direct measure of bank branches or ATM access."
2026-08-19,lakshadweep,Lakshadweep,8978,1868,10846,19.93,7460,PMJDY Statewise account opening Report,https://pmjdy.gov.in/account-statistics-state.aspx/scheme,"PMJDY beneficiary counts are a state-level financial-inclusion context measure. They are not verified unique people, active bank-account users, active debit-card users, or active UPI users; the data are not a direct measure of bank branches or ATM access."
2026-08-19,madhya-pradesh,Madhya Pradesh,37180886,10484850,47665736,20368.14,35590267,PMJDY Statewise account opening Report,https://pmjdy.gov.in/account-statistics-state.aspx/scheme,"PMJDY beneficiary counts are a state-level financial-inclusion context measure. They are not verified unique people, active bank-account users, active debit-card users, or active UPI users; the data are not a direct measure of bank branches or ATM access."
2026-08-19,maharashtra,Maharashtra,26982503,11566760,38549263,21500.33,27602082,PMJDY Statewise account opening Report,https://pmjdy.gov.in/account-statistics-state.aspx/scheme,"PMJDY beneficiary counts are a state-level financial-inclusion context measure. They are not verified unique people, active bank-account users, active debit-card users, or active UPI users; the data are not a direct measure of bank branches or ATM access."
2026-08-19,manipur,Manipur,836045,257589,1093634,312.02,730305,PMJDY Statewise account opening Report,https://pmjdy.gov.in/account-statistics-state.aspx/scheme,"PMJDY beneficiary counts are a state-level financial-inclusion context measure. They are not verified unique people, active bank-account users, active debit-card users, or active UPI users; the data are not a direct measure of bank branches or ATM access."
2026-08-19,meghalaya,Meghalaya,858950,62910,921860,505.44,575430,PMJDY Statewise account opening Report,https://pmjdy.gov.in/account-statistics-state.aspx/scheme,"PMJDY beneficiary counts are a state-level financial-inclusion context measure. They are not verified unique people, active bank-account users, active debit-card users, or active UPI users; the data are not a direct measure of bank branches or ATM access."
2026-08-19,mizoram,Mizoram,270917,178090,449007,254.56,225661,PMJDY Statewise account opening Report,https://pmjdy.gov.in/account-statistics-state.aspx/scheme,"PMJDY beneficiary counts are a state-level financial-inclusion context measure. They are not verified unique people, active bank-account users, active debit-card users, or active UPI users; the data are not a direct measure of bank branches or ATM access."
2026-08-19,nagaland,Nagaland,312849,98425,411274,151.67,314519,PMJDY Statewise account opening Report,https://pmjdy.gov.in/account-statistics-state.aspx/scheme,"PMJDY beneficiary counts are a state-level financial-inclusion context measure. They are not verified unique people, active bank-account users, active debit-card users, or active UPI users; the data are not a direct measure of bank branches or ATM access."
2026-08-19,odisha,Odisha,21408172,2827869,24236041,13393.36,17816728,PMJDY Statewise account opening Report,https://pmjdy.gov.in/account-statistics-state.aspx/scheme,"PMJDY beneficiary counts are a state-level financial-inclusion context measure. They are not verified unique people, active bank-account users, active debit-card users, or active UPI users; the data are not a direct measure of bank branches or ATM access."
2026-08-19,puducherry,Puducherry,163746,132962,296708,153.51,192679,PMJDY Statewise account opening Report,https://pmjdy.gov.in/account-statistics-state.aspx/scheme,"PMJDY beneficiary counts are a state-level financial-inclusion context measure. They are not verified unique people, active bank-account users, active debit-card users, or active UPI users; the data are not a direct measure of bank branches or ATM access."
2026-08-19,punjab,Punjab,6370819,3802881,10173700,5361.13,7370076,PMJDY Statewise account opening Report,https://pmjdy.gov.in/account-statistics-state.aspx/scheme,"PMJDY beneficiary counts are a state-level financial-inclusion context measure. They are not verified unique people, active bank-account users, active debit-card users, or active UPI users; the data are not a direct measure of bank branches or ATM access."
2026-08-19,rajasthan,Rajasthan,29663731,9129861,38793592,25526.27,29016047,PMJDY Statewise account opening Report,https://pmjdy.gov.in/account-statistics-state.aspx/scheme,"PMJDY beneficiary counts are a state-level financial-inclusion context measure. They are not verified unique people, active bank-account users, active debit-card users, or active UPI users; the data are not a direct measure of bank branches or ATM access."
2026-08-19,sikkim,Sikkim,75825,34794,110619,60.57,75051,PMJDY Statewise account opening Report,https://pmjdy.gov.in/account-statistics-state.aspx/scheme,"PMJDY beneficiary counts are a state-level financial-inclusion context measure. They are not verified unique people, active bank-account users, active debit-card users, or active UPI users; the data are not a direct measure of bank branches or ATM access."
2026-08-19,tamil-nadu,Tamil Nadu,12072668,7283108,19355776,8058.43,14174103,PMJDY Statewise account opening Report,https://pmjdy.gov.in/account-statistics-state.aspx/scheme,"PMJDY beneficiary counts are a state-level financial-inclusion context measure. They are not verified unique people, active bank-account users, active debit-card users, or active UPI users; the data are not a direct measure of bank branches or ATM access."
2026-08-19,telangana,Telangana,9722991,3734677,13457668,6205.49,9320997,PMJDY Statewise account opening Report,https://pmjdy.gov.in/account-statistics-state.aspx/scheme,"PMJDY beneficiary counts are a state-level financial-inclusion context measure. They are not verified unique people, active bank-account users, active debit-card users, or active UPI users; the data are not a direct measure of bank branches or ATM access."
2026-08-19,tripura,Tripura,1045361,129758,1175119,709.87,655447,PMJDY Statewise account opening Report,https://pmjdy.gov.in/account-statistics-state.aspx/scheme,"PMJDY beneficiary counts are a state-level financial-inclusion context measure. They are not verified unique people, active bank-account users, active debit-card users, or active UPI users; the data are not a direct measure of bank branches or ATM access."
2026-08-19,uttar-pradesh,Uttar Pradesh,83054051,22237093,105291144,67802.73,73073718,PMJDY Statewise account opening Report,https://pmjdy.gov.in/account-statistics-state.aspx/scheme,"PMJDY beneficiary counts are a state-level financial-inclusion context measure. They are not verified unique people, active bank-account users, active debit-card users, or active UPI users; the data are not a direct measure of bank branches or ATM access."
2026-08-19,uttarakhand,Uttarakhand,2970807,1178738,4149545,3152.13,2838542,PMJDY Statewise account opening Report,https://pmjdy.gov.in/account-statistics-state.aspx/scheme,"PMJDY beneficiary counts are a state-level financial-inclusion context measure. They are not verified unique people, active bank-account users, active debit-card users, or active UPI users; the data are not a direct measure of bank branches or ATM access."
2026-08-19,west-bengal,West Bengal,48143092,9273964,57417056,27244.51,38265734,PMJDY Statewise account opening Report,https://pmjdy.gov.in/account-statistics-state.aspx/scheme,"PMJDY beneficiary counts are a state-level financial-inclusion context measure. They are not verified unique people, active bank-account users, active debit-card users, or active UPI users; the data are not a direct measure of bank branches or ATM access."
